"Lou, Ise", louise@outlook.com, 48302
"Web, Dragon", webdragon@yahoo.ca, 43902
"NJ, Payne", njpayne@hotmail.com, 394820
"Carl, Paris", cparis@hotmail.com, 48320
"L, Cheng", lcheng@sbcglobal.net, 3498302
"Our, News", ournews@comcast.net, 3483
"Marn, Anel", marnanel@yahoo.com, 84390
"Auk, Jan", aukjan@me.com, 89434
"Oz, Awa", ozawa@optonline.net, 84903
"Roh, Itm", rohitm@aol.com, 84392
"J, Freed, Ma", jfreedma@sbcglobal.net, 81903
"J, Bailie", jbailie@msn.com, 34890
